{
  "Lightweight_Proposed": {
    "accuracy": 0.8385167717933655,
    "loss": 0.6462684869766235,
    "params": 90580,
    "params_M": 0.09058,
    "size_MB": 0.3455352783203125,
    "macro_auc": 0.9549414315280677,
    "micro_auc": 0.9772760658715078,
    "weighted_auc": 0.96662404225959,
    "efficiency_score": 925.7195537573035,
    "confusion_matrix": [
      [
        221,
        1,
        6,
        1
      ],
      [
        8,
        248,
        2,
        3
      ],
      [
        112,
        0,
        0,
        2
      ],
      [
        0,
        0,
        0,
        232
      ]
    ],
    "class_results": {
      "Blight": {
        "precision": 0.6480938416422287,
        "recall": 0.9650655021834061,
        "f1": 0.775438596491228,
        "support": 229,
        "auc": 0.9387639115702539
      },
      "Common_Rust": {
        "precision": 0.9959839357429718,
        "recall": 0.9501915708812261,
        "f1": 0.9725490196078431,
        "support": 261,
        "auc": 0.9978677328002665
      },
      "Gray_Leaf_Spot": {
        "precision": 0.0,
        "recall": 0.0,
        "f1": 0.0,
        "support": 114,
        "auc": 0.8831340817417505
      },
      "Healthy": {
        "precision": 0.9747899159663865,
        "recall": 1.0,
        "f1": 0.9872340425531915,
        "support": 232,
        "auc": 1.0
      }
    },
    "weighted_avg": {
      "precision": 0.7589910974511814,
      "recall": 0.8385167464114832,
      "f1": 0.7900108021369362
    },
    "macro_avg": {
      "precision": 0.6547169233378968,
      "recall": 0.728814268266158,
      "f1": 0.6838054146630657
    }
  },
  "MobileNetV3_Small": {
    "accuracy": 0.8349282145500183,
    "loss": 0.6840875744819641,
    "params": 1122548,
    "params_M": 1.122548,
    "size_MB": 4.2821807861328125,
    "macro_auc": 0.9571950561481427,
    "micro_auc": 0.965797009378601,
    "weighted_auc": 0.9631341929392019,
    "efficiency_score": 74.37795217220273,
    "confusion_matrix": [
      [
        152,
        13,
        56,
        8
      ],
      [
        0,
        259,
        1,
        1
      ],
      [
        24,
        3,
        84,
        3
      ],
      [
        17,
        5,
        7,
        203
      ]
    ],
    "class_results": {
      "Blight": {
        "precision": 0.7875647668393783,
        "recall": 0.6637554585152838,
        "f1": 0.7203791469194313,
        "support": 229,
        "auc": 0.9156277202650303
      },
      "Common_Rust": {
        "precision": 0.925,
        "recall": 0.9923371647509579,
        "f1": 0.9574861367837338,
        "support": 261,
        "auc": 0.999240379810095
      },
      "Gray_Leaf_Spot": {
        "precision": 0.5675675675675675,
        "recall": 0.7368421052631579,
        "f1": 0.6412213740458015,
        "support": 114,
        "auc": 0.9265077513728921
      },
      "Healthy": {
        "precision": 0.9441860465116279,
        "recall": 0.875,
        "f1": 0.9082774049217002,
        "support": 232,
        "auc": 0.9874043731445535
      }
    },
    "weighted_avg": {
      "precision": 0.8439368386359068,
      "recall": 0.8349282296650717,
      "f1": 0.8357539484786604
    },
    "macro_avg": {
      "precision": 0.8060795952296433,
      "recall": 0.81698368213235,
      "f1": 0.8068410156676667
    }
  },
  "ResNet50": {
    "accuracy": 0.8169856667518616,
    "loss": 1.519851803779602,
    "params": 26220932,
    "params_M": 26.220932,
    "size_MB": 100.02491760253906,
    "macro_auc": 0.9516419836092989,
    "micro_auc": 0.9604271117114229,
    "weighted_auc": 0.9552415363056065,
    "efficiency_score": 3.115776612180915,
    "confusion_matrix": [
      [
        150,
        41,
        25,
        13
      ],
      [
        0,
        260,
        1,
        0
      ],
      [
        28,
        7,
        74,
        5
      ],
      [
        27,
        5,
        1,
        199
      ]
    ],
    "class_results": {
      "Blight": {
        "precision": 0.7317073170731707,
        "recall": 0.6550218340611353,
        "f1": 0.6912442396313364,
        "support": 229,
        "auc": 0.8815709013474531
      },
      "Common_Rust": {
        "precision": 0.8306709265175719,
        "recall": 0.9961685823754789,
        "f1": 0.9059233449477352,
        "support": 261,
        "auc": 0.996808262535399
      },
      "Gray_Leaf_Spot": {
        "precision": 0.7326732673267327,
        "recall": 0.6491228070175439,
        "f1": 0.6883720930232559,
        "support": 114,
        "auc": 0.9390217232832774
      },
      "Healthy": {
        "precision": 0.9170506912442397,
        "recall": 0.8577586206896551,
        "f1": 0.8864142538975501,
        "support": 232,
        "auc": 0.9891670472710665
      }
    },
    "weighted_avg": {
      "precision": 0.8141705744913319,
      "recall": 0.8169856459330144,
      "f1": 0.8120376189184423
    },
    "macro_avg": {
      "precision": 0.8030255505404288,
      "recall": 0.7895179610359534,
      "f1": 0.7929884828749694
    }
  }
}